<application>
  <component name="AiPluginSettings">
    <option name="gcpProjectByEmail">
      <map>
        <entry key="konstantinos.kalkounos@symphony.com">
          <value>
            <GcpProjectSettings>
              <option name="gcpProjectId" value="sym-code-assist" />
              <option name="gcpProjectName" value="sym-code-assist" />
            </GcpProjectSettings>
          </value>
        </entry>
      </map>
    </option>
    <option name="gotItToolTipsShown" value="true" />
    <option name="lastLoggedInEmail" value="konstantinos.kalkounos@symphony.com" />
    <option name="shortcutNotificationShown" value="true" />
  </component>
</application>