<application>
  <component name="LafManager">
    <laf themeId="com.github.catppuccin.macchiato.jetbrains" />
    <lafs-to-previous-schemes>
      <laf-to-scheme laf="Darcula" scheme="_@user_Darcula Contrast" />
      <laf-to-scheme laf="IntelliJ Light" scheme="_@user_IntelliJ Light" />
      <laf-to-scheme laf="Onedark" scheme="Onedark" />
      <laf-to-scheme laf="Temp theme" scheme="Onedark copy" />
      <laf-to-scheme laf="com.alex.tokyonight-dark" scheme="_@user_Catppuccin Frappe" />
      <laf-to-scheme laf="com.github.catppuccin.macchiato.jetbrains" scheme="_@user_Catppuccin Macchiato (no italics)" />
      <laf-to-scheme laf="ee2824b3-c1d9-44fa-8b64-de6fe5dd8e37" scheme="_@user_Material Darker" />
    </lafs-to-previous-schemes>
  </component>
</application>