<application>
  <component name="StudioBotSettings">
    <option name="contextSharingModeV2" value="AlwaysShare" />
    <option name="onboardedVersion" value="3" />
    <option name="queryHistory">
      <list>
        <historyEntry timestamp="1761918611142">Can you tell why the tests  @RoomManagerServletTest.java are failing sometimes?
There seems to be an issue building using
mvn clean install -am -T 1C -U -P Symphony,SharedResources -DskipTests -DsymphonySkipUnitTests -DsymphonySkipIntegrationTests

sometimes the bean is created correctly and some other times it's not</historyEntry>
        <historyEntry timestamp="1760952791594">I'm on macos and when running this test file  @ContentExportApplicationHelperTest.java , the  getOSVersion() test fails . Can you figure out how to fix it?</historyEntry>
        <historyEntry timestamp="1760448830972">@RoomManagerServletTest.java How can I fix these exceptions when trying to run the tests in intellij?
java.lang.IllegalStateException: Failed to load ApplicationContext

	at org.springframework.test.context.cache.DefaultCacheAwareContextLoaderDelegate.loadContext(DefaultCacheAwareContextLoaderDelegate.java:98)
	at org.springframework.test.context.support.DefaultTestContext.getApplicationContext(DefaultTestContext.java:124)
	at org.springframework.test.context.support.DependencyInjectionTestExecutionListener.injectDependencies(DependencyInjectionTestExecutionListener.java:118)
	at org.springframework.test.context.support.DependencyInjectionTestExecutionListener.prepareTestInstance(DependencyInjectionTestExecutionListener.java:83)
	at org.springframework.test.context.TestContextManager.prepareTestInstance(TestContextManager.java:248)
	at org.springframework.test.context.junit4.SpringJUnit4ClassRunner.createTest(SpringJUnit4ClassRunner.java:227)
	at org.springframework.test.context.junit4.SpringJUnit4ClassRunner$1.runReflectiveCall(SpringJUnit4ClassRunner.java:289)
	at org.junit.internal.runners.model.ReflectiveCallable.run(ReflectiveCallable.java:12)
	at org.springframework.test.context.junit4.SpringJUnit4ClassRunner.methodBlock(SpringJUnit4ClassRunner.java:291)
	at org.springframework.test.context.junit4.SpringJUnit4ClassRunner.runChild(SpringJUnit4ClassRunner.java:246)
	at org.springframework.test.context.junit4.SpringJUnit4ClassRunner.runChild(SpringJUnit4ClassRunner.java:97)
	at org.junit.runners.ParentRunner$4.run(ParentRunner.java:331)
	at org.junit.runners.ParentRunner$1.schedule(ParentRunner.java:79)
	at org.junit.runners.ParentRunner.runChildren(ParentRunner.java:329)
	at org.junit.runners.ParentRunner.access$100(ParentRunner.java:66)
	at org.junit.runners.ParentRunner$2.evaluate(ParentRunner.java:293)
	at org.junit.internal.runners.statements.RunBefores.evaluate(RunBefores.java:26)
	at org.springframework.test.context.junit4.statements.RunBeforeTestClassCallbacks.evaluate(RunBeforeTestClassCallbacks.java:61)
	at org.springframework.test.context.junit4.statements.RunAfterTestClassCallbacks.evaluate(RunAfterTestClassCallbacks.java:70)
	at org.junit.runners.ParentRunner$3.evaluate(ParentRunner.java:306)
	at org.junit.runners.ParentRunner.run(ParentRunner.java:413)
	at org.springframework.test.context.junit4.SpringJUnit4ClassRunner.run(SpringJUnit4ClassRunner.java:190)
	at org.junit.runner.JUnitCore.run(JUnitCore.java:137)
	at com.intellij.junit4.JUnit4IdeaTestRunner.startRunnerWithArgs(JUnit4IdeaTestRunner.java:69)
	at com.intellij.rt.junit.IdeaTestRunner$Repeater$1.execute(IdeaTestRunner.java:38)
	at com.intellij.rt.execution.junit.TestsRepeater.repeat(TestsRepeater.java:11)
	at com.intellij.rt.junit.IdeaTestRunner$Repeater.startRunnerWithArgs(IdeaTestRunner.java:35)
	at com.intellij.rt.junit.JUnitStarter.prepareStreamsAndStart(JUnitStarter.java:231)
	at com.intellij.rt.junit.JUnitStarter.main(JUnitStarter.java:55)
Caused by: org.springframework.beans.factory.BeanDefinitionStoreException: Failed to parse configuration class [com.symphony.metadata.storage.DownloadAttachmentManager]; nested exception is java.io.FileNotFoundException: class path resource [com/symphony/retentioncommon/IDownloadAttachmentManager.class] cannot be opened because it does not exist
	at org.springframework.context.annotation.ConfigurationClassParser.parse(ConfigurationClassParser.java:188)
	at org.springframework.context.annotation.ConfigurationClassPostProcessor.processConfigBeanDefinitions(ConfigurationClassPostProcessor.java:331)
	at org.springframework.context.annotation.ConfigurationClassPostProcessor.postProcessBeanDefinitionRegistry(ConfigurationClassPostProcessor.java:247)
	at org.springframework.context.support.PostProcessorRegistrationDelegate.invokeBeanDefinitionRegistryPostProcessors(PostProcessorRegistrationDelegate.java:311)
	at org.springframework.context.support.PostProcessorRegistrationDelegate.invokeBeanFactoryPostProcessors(PostProcessorRegistrationDelegate.java:112)
	at org.springframework.context.support.AbstractApplicationContext.invokeBeanFactoryPostProcessors(AbstractApplicationContext.java:756)
	at org.springframework.context.support.AbstractApplicationContext.refresh(AbstractApplicationContext.java:573)
	at com.symphony.MockedLoader$AbstractMockedLoader.loadContext(MockedLoader.java:153)</historyEntry>
        <historyEntry timestamp="1760436506362">Does it also happen when the roominfo is queried?
This is the endpoint that returns this error: /webcontroller/maestro/RoomManager
where is this in the codebase?</historyEntry>
        <historyEntry timestamp="1760436404621">@RoomManagerServlet.java When calling RoomManager endpoint by providing a non-base64 streamID such as 0ebt8iOds1Ji2j8ny1pkM3___mcgwVozdA instead of 0ebt8iOds1Ji2j8ny1pkM3///mcgwVozdA== returns a 500 error from org.bouncycastle.util.encoders.DecoderException. Can you show me where this happens?</historyEntry>
        <historyEntry timestamp="1759745172137">Could not autowire. No beans of 'CurrentTenantIdentifierSupplier' type found.</historyEntry>
        <historyEntry timestamp="1759745061708">This is what the helm looks like today:
  tenant:
    nat:
      internalId: 124
      externalId: 282
and Instead of these, I want to pass a map. Can you also update this?</historyEntry>
        <historyEntry timestamp="1759744869080">What about lines 21 and 34? these need to be updated as well.
This bean is created using values passed in a kubernetes helm chart. Today there are 2 variables passed in, internalId and externalId, and they're working great.
The problem is that this pair of ids, only supports one kubernetes tenant. I want to extend it, and provide in the helm chart pairs of tenantIds</historyEntry>
        <historyEntry timestamp="1759744788439">What about lines 21 and 34? these need to be updated as well.
This bean is created using values passed in a kubernetes helm chart. Today there are 2 variables passed in, internalId and externalId, and they're working great.
The problem is that this pair of ids, only supports one kubernetes tenant. I want to extend it, and provide in the helm chart pairs of tenantIds</historyEntry>
        <historyEntry timestamp="1759744529614">Where is the code?</historyEntry>
        <historyEntry timestamp="1759744016309">Can you modify the beans  @TenantNat.java  to accept a map of strings instead of internalId and externalId separately?</historyEntry>
        <historyEntry timestamp="1757082032948">You just reverted to the original version. I want to use a `-` in the name to match the zip. The PR builder is failing due to that</historyEntry>
        <historyEntry timestamp="1757081837486">This change breaks RPM with this error:
[ERROR] Failed to execute goal org.codehaus.mojo:rpm-maven-plugin:2.1.4:rpm (generate-rpm) on project ceservice-web: RPM build execution returned: '1' executing '/bin/sh -c cd '/usr/src/app/ceservice-web/target/rpm/symphony-standalone-ceservice-centos/SPECS' &amp;&amp; 'rpmbuild' '-bb' '--target' 'x86_64-unknown-linux' '--buildroot' '/usr/src/app/ceservice-web/target/rpm/symphony-standalone-ceservice-centos/buildroot' '--define' '_topdir /usr/src/app/ceservice-web/target/rpm/symphony-standalone-ceservice-centos' '--define' '_build_name_fmt %%{ARCH}/%%{NAME}-%%{VERSION}-%%{RELEASE}.%%{ARCH}.rpm' '--define' '_builddir %{_topdir}/BUILD' '--define' '_rpmdir %{_topdir}/RPMS' '--define' '_sourcedir %{_topdir}/SOURCES' '--define' '_specdir %{_topdir}/SPECS' '--define' '_srcrpmdir %{_topdir}/SRPMS' 'symphony-standalone-ceservice-centos.spec'' -&gt; [Help 1]</historyEntry>
        <historyEntry timestamp="1757081603274">In  @pom.xml  I have the problem where the rpm is generated with a name like 25.7.0-l.1 and the tar with a name like 25.7.0-l-1.
They differ in the end with a `.` instead of a `-`. How can I fix it?</historyEntry>
        <historyEntry timestamp="1757080734911">I upgraded the version and the output still doesn't include the -k</historyEntry>
        <historyEntry timestamp="1757080226751">The output is missing the `-k` I'm expecting:
symphony-standalone-ceservice-centos-25.7.0-1.x86_64.rpm</historyEntry>
        <historyEntry timestamp="1757079822245">I'm getting this error when building a tar.
[ERROR] Failed to execute goal org.codehaus.mojo:rpm-maven-plugin:2.1.4:rpm (generate-rpm) on project ceservice-web: RPM build execution returned: '1' executing '/bin/sh -c cd '/usr/src/app/ceservice-web/target/rpm/symphony-standalone-ceservice-centos/SPECS' &amp;&amp; 'rpmbuild' '-bb' '--target' 'x86_64-unknown-linux' '--buildroot' '/usr/src/app/ceservice-web/target/rpm/symphony-standalone-ceservice-centos/buildroot' '--define' '_topdir /usr/src/app/ceservice-web/target/rpm/symphony-standalone-ceservice-centos' '--define' '_build_name_fmt %%{ARCH}/%%{NAME}-%%{VERSION}-%%{RELEASE}.%%{ARCH}.rpm' '--define' '_builddir %{_topdir}/BUILD' '--define' '_rpmdir %{_topdir}/RPMS' '--define' '_sourcedir %{_topdir}/SOURCES' '--define' '_specdir %{_topdir}/SPECS' '--define' '_srcrpmdir %{_topdir}/SRPMS' 'symphony-standalone-ceservice-centos.spec'' -&gt; [Help 1]

The build command is this:
docker run --rm -it \
  -v &quot;$(pwd)&quot;:/usr/src/app \
  -v &quot;$HOME/.m2&quot;:/root/.m2 \
  -w /usr/src/app \
  maven:3.9-eclipse-temurin-17 \
  /bin/bash -c &quot;apt-get update &amp;&amp; apt-get install -y rpm &amp;&amp; mvn clean package verify -pl ceservice-web -am -P StandaloneRPM,StandaloneTAR -DskipTests=true -Dbuild.standalone.rpm=true -Dbuild.standalone.tar=true -Dbuild.number=1&quot;

and the change that I made is this:
                            &lt;release&gt;${parsedVersion.qualifier}-${build.number}&lt;/release&gt;
from 
                            &lt;release&gt;${parsedVersion.qualifier}.${build.number}&lt;/release&gt;

I replaced the `.` with a `-`.
I need the `-`. Can you fix it?</historyEntry>
        <historyEntry timestamp="1756997053152">I want the name to be ..-c-1... instead of -c.1</historyEntry>
        <historyEntry timestamp="1756996503703">The name of the rpm is `symphony-standalone-ceservice-centos-25.7.0-1.x86_64.rpm` and the name of the tar is `symphony-standalone-ceservice-25.7.0-c-1.x86_64.tar.gz`.

I want to add the `-c-` in the rpm like it is in the tar, how can I do this?</historyEntry>
        <historyEntry timestamp="1756996259980">I ran this command to generate an rpm

docker run --rm -it \
  -v &quot;$(pwd)&quot;:/usr/src/app \
  -v &quot;$HOME/.m2&quot;:/root/.m2 \
  -w /usr/src/app \
  maven:3.9-eclipse-temurin-17 \
  /bin/bash -c &quot;apt-get update &amp;&amp; apt-get install -y rpm &amp;&amp; mvn clean package verify -pl ceservice-web -am -P StandaloneRPM,StandaloneTAR -DskipTests=true -Dbuild.standalone.rpm=true -Dbuild.standalone.tar=true -Dbuild.number=1&quot;

where was the rpm stored?</historyEntry>
        <historyEntry timestamp="1756995169054">Can you update this to use java 17?
    docker run --rm -it \
      -v &quot;$(pwd)&quot;:/usr/src/app \
      -v &quot;$HOME/.m2&quot;:/root/.m2 \
      -w /usr/src/app \
      maven:3.8-openjdk-11 \
      /bin/bash -c &quot;apt-get update &amp;&amp; apt-get install -y rpm &amp;&amp; mvn clean package verify -pl ceservice-web -am -P StandaloneRPM,StandaloneTAR -DskipTests=true -Dbuild.standalone.rpm=true -Dbuild.standalone.tar=true -Dbuild.number=1&quot;</historyEntry>
        <historyEntry timestamp="1756995095190">Change it and have it built for mac. I want to test the tar name if it is what I'm expecting</historyEntry>
        <historyEntry timestamp="1756994966843">I'm on an m4 macbook pro though, why did you choose x86_64 redhat linux?</historyEntry>
        <historyEntry timestamp="1756994813033">I want to build an rpm on my mac, how can I do it?</historyEntry>
        <historyEntry timestamp="1756994714708">I'm trying to generate a tar in this codebase with this command:
mvn clean package verify -pl ceservice-web -am -P StandaloneRPM,StandaloneTAR -DskipTests=true -Dbuild.standalone.rpm=true -Dbuild.standalone.tar=true -Dbuild.number=1

and I'm getting this error
[ERROR] Failed to execute goal org.codehaus.mojo:rpm-maven-plugin:2.1.4:rpm (generate-rpm) on project ceservice-web: RPM build execution returned: '1' executing '/bin/sh -c cd '/Users/konstantinos.kalkounos/Projects/Symphony/ceb/content-export-bridge/ceservice-web/target/rpm/symphony-standalone-ceservice-centos/SPECS' &amp;&amp; 'rpmbuild' '-bb' '--target' 'x86_64-Homebrew-linux' '--buildroot' '/Users/konstantinos.kalkounos/Projects/Symphony/ceb/content-export-bridge/ceservice-web/target/rpm/symphony-standalone-ceservice-centos/buildroot' '--define' '_topdir /Users/konstantinos.kalkounos/Projects/Symphony/ceb/content-export-bridge/ceservice-web/target/rpm/symphony-standalone-ceservice-centos' '--define' '_build_name_fmt %%{ARCH}/%%{NAME}-%%{VERSION}-%%{RELEASE}.%%{ARCH}.rpm' '--define' '_builddir %{_topdir}/BUILD' '--define' '_rpmdir %{_topdir}/RPMS' '--define' '_sourcedir %{_topdir}/SOURCES' '--define' '_specdir %{_topdir}/SPECS' '--define' '_srcrpmdir %{_topdir}/SRPMS' 'symphony-standalone-ceservice-centos.spec'' -&gt; [Help 1]

can you fix it?</historyEntry>
        <historyEntry timestamp="1756994401541">The sbe.version is specified in the root pom  @pom.xml</historyEntry>
        <historyEntry timestamp="1756994122323">What does this error mean?
[ERROR] Failed to execute goal org.codehaus.mojo:rpm-maven-plugin:2.1.4:rpm (generate-rpm) on project ceservice-web: RPM build execution returned: '1' executing '/bin/sh -c cd '/Users/konstantinos.kalkounos/Projects/Symphony/ceb/content-export-bridge/ceservice-web/target/rpm/symphony-standalone-ceservice-centos/SPECS' &amp;&amp; 'rpmbuild' '-bb' '--target' 'x86_64-Homebrew-linux' '--buildroot' '/Users/konstantinos.kalkounos/Projects/Symphony/ceb/content-export-bridge/ceservice-web/target/rpm/symphony-standalone-ceservice-centos/buildroot' '--define' '_topdir /Users/konstantinos.kalkounos/Projects/Symphony/ceb/content-export-bridge/ceservice-web/target/rpm/symphony-standalone-ceservice-centos' '--define' '_build_name_fmt %%{ARCH}/%%{NAME}-%%{VERSION}-%%{RELEASE}.%%{ARCH}.rpm' '--define' '_builddir %{_topdir}/BUILD' '--define' '_rpmdir %{_topdir}/RPMS' '--define' '_sourcedir %{_topdir}/SOURCES' '--define' '_specdir %{_topdir}/SPECS' '--define' '_srcrpmdir %{_topdir}/SRPMS' 'symphony-standalone-ceservice-centos.spec''</historyEntry>
        <historyEntry timestamp="1756993944824">I'm getting this error:
Failed to execute goal org.codehaus.mojo:rpm-maven-plugin:2.1.4:rpm (generate-rpm) on project ceservice-web: Unable to query for default vendor from RPM: Error while executing process. Cannot run program &quot;rpm&quot;: error=2, No such file or directory -&gt; [Help 1]

how can I fix it?</historyEntry>
        <historyEntry timestamp="1756993817108">Where is the rpm going to be stored?</historyEntry>
        <historyEntry timestamp="1756993740070">How can I build this project and generate an rpm?</historyEntry>
      </list>
    </option>
  </component>
</application>