<application>
  <component name="Trusted.Paths">
    <option name="TRUSTED_PROJECT_PATHS">
      <map>
        <entry key="$USER_HOME$/Projects/Personal/jetbrains" value="true" />
        <entry key="$USER_HOME$/Projects/Symphony/Ceb/content-export-bridge" value="true" />
        <entry key="$USER_HOME$/Projects/Symphony/KeyManager/keymanager" value="true" />
        <entry key="$USER_HOME$/Projects/Symphony/KeyManager/symphony-client" value="true" />
        <entry key="$USER_HOME$/Projects/Symphony/Misc/symphony-client" value="true" />
        <entry key="$USER_HOME$/Projects/Symphony/Pipeline/continuous-deployment-on-kubernetes/sbe" value="true" />
        <entry key="$USER_HOME$/Projects/Symphony/Pipeline/pipeline-lib" value="true" />
        <entry key="$USER_HOME$/Projects/Symphony/Sbe/sbe" value="true" />
        <entry key="$USER_HOME$/Projects/Symphony/Sbe/sbe/keystore-service" value="true" />
        <entry key="$USER_HOME$/Projects/Symphony/Sbe/sbe/wenger-tools/directory-usersync" value="true" />
        <entry key="$USER_HOME$/Projects/Symphony/at/audit-trail" value="true" />
        <entry key="$USER_HOME$/Projects/Symphony/ceb/content-export-bridge" value="true" />
        <entry key="$USER_HOME$/Projects/Symphony/sbe/sbe" value="true" />
        <entry key="$USER_HOME$/Projects/Symphony/sbe/sbe-legacy" value="true" />
        <entry key="$USER_HOME$/Projects/personal/jetbrains" value="true" />
        <entry key="$USER_HOME$/Projects/symphony/ceb/content-export-bridge" value="true" />
        <entry key="$USER_HOME$/Projects/symphony/dlp/symprox" value="true" />
        <entry key="$USER_HOME$/Projects/symphony/km/keymanager" value="true" />
        <entry key="$USER_HOME$/Projects/symphony/pipeline/pipeline-lib" value="true" />
        <entry key="$USER_HOME$/Projects/symphony/sbe/sbe" value="true" />
        <entry key="$USER_HOME$/Projects/symphony/sbe/sbe-mongo" value="true" />
        <entry key="$USER_HOME$/Projects/symphony/sbe/sbe-mt-gcp/configservice-manager" value="true" />
        <entry key="$USER_HOME$/Projects/symphony/sbe/sbe/hazelcast-server-standalone" value="true" />
      </map>
    </option>
  </component>
  <component name="Trusted.Paths.Settings">
    <option name="TRUSTED_PATHS">
      <list>
        <option value="$USER_HOME$/Projects/personal" />
        <option value="$USER_HOME$/Projects/symphony" />
        <option value="$USER_HOME$/Projects/Symphony/ceb" />
        <option value="$USER_HOME$/Projects/Symphony/sbe" />
      </list>
    </option>
  </component>
</application>