<application>
  <component name="DimensionService">
    <location key="find.popup.0.0.3584.2240@192dpi" x="758" y="346" />
    <location key="find.popup.1792.-320.3440.1440" x="2828" y="-111" />
    <location key="find.popup.-1264.-3384.6016.3384@192dpi" x="1776" y="-2928" />
    <location key="find.popup.0.0.6016.3384@192dpi" x="856" y="486" />
    <location key="find.popup.-3440.-320.3440.1440" x="-2951" y="-110" />
    <location key="find.popup.-1488.-3384.6016.3384@192dpi" x="1048" y="-3058" />
    <size key="find.popup.0.0.3584.2240@192dpi" width="2234" height="1386" />
    <size key="GridCell.Tab.0.left.0.0.3584.2240@192dpi" width="3544" height="600" />
    <size key="GridCell.Tab.0.center.0.0.3584.2240@192dpi" width="3544" height="600" />
    <size key="GridCell.Tab.0.right.0.0.3584.2240@192dpi" width="3544" height="600" />
    <size key="GridCell.Tab.0.bottom.0.0.3584.2240@192dpi" width="3544" height="600" />
    <size key="GridCell.Tab.1.left.0.0.3584.2240@192dpi" width="3544" height="600" />
    <size key="GridCell.Tab.1.center.0.0.3584.2240@192dpi" width="3544" height="600" />
    <size key="GridCell.Tab.1.right.0.0.3584.2240@192dpi" width="3544" height="600" />
    <size key="GridCell.Tab.1.bottom.0.0.3584.2240@192dpi" width="3544" height="600" />
    <size key="GridCell.Tab.0.left.1792.-320.3440.1440" width="1705" height="356" />
    <size key="GridCell.Tab.0.center.1792.-320.3440.1440" width="1705" height="356" />
    <size key="GridCell.Tab.0.right.1792.-320.3440.1440" width="1705" height="356" />
    <size key="GridCell.Tab.0.bottom.1792.-320.3440.1440" width="1705" height="356" />
    <size key="GridCell.Tab.1.left.1792.-320.3440.1440" width="1705" height="356" />
    <size key="GridCell.Tab.1.center.1792.-320.3440.1440" width="1705" height="356" />
    <size key="GridCell.Tab.1.right.1792.-320.3440.1440" width="1705" height="356" />
    <size key="GridCell.Tab.1.bottom.1792.-320.3440.1440" width="1705" height="356" />
    <size key="find.popup.1792.-320.3440.1440" width="1042" height="969" />
    <size key="find.popup.-1264.-3384.6016.3384@192dpi" width="1824" height="2284" />
    <size key="GridCell.Tab.0.left.-1264.-3384.6016.3384@192dpi" width="5976" height="1122" />
    <size key="GridCell.Tab.0.center.-1264.-3384.6016.3384@192dpi" width="5976" height="1122" />
    <size key="GridCell.Tab.0.right.-1264.-3384.6016.3384@192dpi" width="5976" height="1122" />
    <size key="GridCell.Tab.0.bottom.-1264.-3384.6016.3384@192dpi" width="5976" height="1122" />
    <size key="GridCell.Tab.1.left.-1264.-3384.6016.3384@192dpi" width="5968" height="1012" />
    <size key="GridCell.Tab.1.center.-1264.-3384.6016.3384@192dpi" width="5968" height="1012" />
    <size key="GridCell.Tab.1.right.-1264.-3384.6016.3384@192dpi" width="5968" height="1012" />
    <size key="GridCell.Tab.1.bottom.-1264.-3384.6016.3384@192dpi" width="5968" height="1012" />
    <size key="GridCell.Tab.0.left.0.0.6016.3384@192dpi" width="3544" height="890" />
    <size key="GridCell.Tab.0.center.0.0.6016.3384@192dpi" width="3544" height="890" />
    <size key="GridCell.Tab.0.right.0.0.6016.3384@192dpi" width="3544" height="890" />
    <size key="GridCell.Tab.0.bottom.0.0.6016.3384@192dpi" width="3544" height="890" />
    <size key="find.popup.0.0.6016.3384@192dpi" width="3750" height="2112" />
    <size key="GridCell.Tab.1.left.0.0.6016.3384@192dpi" width="5976" height="852" />
    <size key="GridCell.Tab.1.center.0.0.6016.3384@192dpi" width="5976" height="852" />
    <size key="GridCell.Tab.1.right.0.0.6016.3384@192dpi" width="5976" height="852" />
    <size key="GridCell.Tab.1.bottom.0.0.6016.3384@192dpi" width="5976" height="852" />
    <size key="find.popup.-3440.-320.3440.1440" width="1777" height="713" />
    <size key="GridCell.Tab.0.right.0.0.3024.1964@192dpi" width="6004" height="1030" />
    <size key="GridCell.Tab.0.left.0.0.3024.1964@192dpi" width="6004" height="1030" />
    <size key="GridCell.Tab.0.center.0.0.3024.1964@192dpi" width="6004" height="1030" />
    <size key="GridCell.Tab.0.bottom.0.0.3024.1964@192dpi" width="6004" height="1030" />
    <size key="GridCell.Tab.1.left.0.0.3024.1964@192dpi" width="6004" height="1030" />
    <size key="GridCell.Tab.1.center.0.0.3024.1964@192dpi" width="6004" height="1030" />
    <size key="GridCell.Tab.1.right.0.0.3024.1964@192dpi" width="6004" height="1030" />
    <size key="GridCell.Tab.1.bottom.0.0.3024.1964@192dpi" width="6004" height="1030" />
    <size key="GridCell.Tab.0.right.-1488.-3384.6016.3384@192dpi" width="6004" height="1030" />
    <size key="GridCell.Tab.0.left.-1488.-3384.6016.3384@192dpi" width="6004" height="1030" />
    <size key="GridCell.Tab.0.center.-1488.-3384.6016.3384@192dpi" width="6004" height="1030" />
    <size key="GridCell.Tab.0.bottom.-1488.-3384.6016.3384@192dpi" width="6004" height="1030" />
    <size key="GridCell.Tab.1.left.-1488.-3384.6016.3384@192dpi" width="6004" height="1030" />
    <size key="GridCell.Tab.1.center.-1488.-3384.6016.3384@192dpi" width="6004" height="1030" />
    <size key="GridCell.Tab.1.right.-1488.-3384.6016.3384@192dpi" width="6004" height="1030" />
    <size key="GridCell.Tab.1.bottom.-1488.-3384.6016.3384@192dpi" width="6004" height="1030" />
    <size key="GridCell.Tab.2.left.-1488.-3384.6016.3384@192dpi" width="6004" height="1138" />
    <size key="GridCell.Tab.2.center.-1488.-3384.6016.3384@192dpi" width="6004" height="1138" />
    <size key="GridCell.Tab.2.right.-1488.-3384.6016.3384@192dpi" width="6004" height="1138" />
    <size key="GridCell.Tab.2.bottom.-1488.-3384.6016.3384@192dpi" width="6004" height="1138" />
    <size key="GridCell.Tab.3.left.-1488.-3384.6016.3384@192dpi" width="6004" height="1138" />
    <size key="GridCell.Tab.3.center.-1488.-3384.6016.3384@192dpi" width="6004" height="1138" />
    <size key="GridCell.Tab.3.right.-1488.-3384.6016.3384@192dpi" width="6004" height="1138" />
    <size key="GridCell.Tab.3.bottom.-1488.-3384.6016.3384@192dpi" width="6004" height="1138" />
    <size key="GridCell.Tab.4.left.-1488.-3384.6016.3384@192dpi" width="6004" height="1138" />
    <size key="GridCell.Tab.4.center.-1488.-3384.6016.3384@192dpi" width="6004" height="1138" />
    <size key="GridCell.Tab.4.right.-1488.-3384.6016.3384@192dpi" width="6004" height="1138" />
    <size key="GridCell.Tab.4.bottom.-1488.-3384.6016.3384@192dpi" width="6004" height="1138" />
    <size key="GridCell.Tab.5.left.-1488.-3384.6016.3384@192dpi" width="6004" height="1138" />
    <size key="GridCell.Tab.5.center.-1488.-3384.6016.3384@192dpi" width="6004" height="1138" />
    <size key="GridCell.Tab.5.right.-1488.-3384.6016.3384@192dpi" width="6004" height="1138" />
    <size key="GridCell.Tab.5.bottom.-1488.-3384.6016.3384@192dpi" width="6004" height="1138" />
    <size key="find.popup.-1488.-3384.6016.3384@192dpi" width="1294" height="1524" />
  </component>
  <component name="WindowManager">
    <frame x="0" y="0" width="3002" height="944" extendedState="6" />
  </component>
  <component name="WindowStateApplicationService">
    <state width="682" height="406" key="ShowUsagesActions.dimensionServiceKey" timestamp="1741770427608">
      <screen x="0" y="38" width="1512" height="944" />
    </state>
    <state width="682" height="406" key="ShowUsagesActions.dimensionServiceKey/0.38.1512.944" timestamp="1741770427608" />
    <state width="759" height="164" key="ShowUsagesActions.dimensionServiceKey/0.38.1512.944/-744.-1667.3008.1667" timestamp="1741706962896" />
  </component>
</application>