<application>
  <component name="DimensionService">
    <location key="find.popup.0.0.3584.2240@192dpi" x="758" y="346" />
    <location key="find.popup.1792.-320.3440.1440" x="2828" y="-111" />
    <location key="find.popup.-1264.-3384.6016.3384@192dpi" x="1776" y="-2928" />
    <location key="find.popup.0.0.6016.3384@192dpi" x="856" y="486" />
    <location key="find.popup.-3440.-320.3440.1440" x="-2951" y="-110" />
    <location key="find.popup.-1488.-3384.6016.3384@192dpi" x="1048" y="-3058" />
    <location key="find.popup.0.0.3024.1964@192dpi" x="826" y="216" />
    <location key="find.popup.1512.-404.3440.1440" x="2454" y="-274" />
    <location key="find.popup.-3440.-458.3440.1440" x="-2500" y="-328" />
    <location key="find.popup.-1108.-2880.5120.2880@192dpi" x="292" y="-2620" />
    <location key="find.popup.1512.-458.3440.1440" x="2453" y="-328" />
    <size key="find.popup.0.0.3584.2240@192dpi" width="2234" height="1386" />
    <size key="GridCell.Tab.0.left.0.0.3584.2240@192dpi" width="3544" height="600" />
    <size key="GridCell.Tab.0.center.0.0.3584.2240@192dpi" width="3544" height="600" />
    <size key="GridCell.Tab.0.right.0.0.3584.2240@192dpi" width="3544" height="600" />
    <size key="GridCell.Tab.0.bottom.0.0.3584.2240@192dpi" width="3544" height="600" />
    <size key="GridCell.Tab.1.left.0.0.3584.2240@192dpi" width="3544" height="600" />
    <size key="GridCell.Tab.1.center.0.0.3584.2240@192dpi" width="3544" height="600" />
    <size key="GridCell.Tab.1.right.0.0.3584.2240@192dpi" width="3544" height="600" />
    <size key="GridCell.Tab.1.bottom.0.0.3584.2240@192dpi" width="3544" height="600" />
    <size key="GridCell.Tab.0.left.1792.-320.3440.1440" width="1705" height="356" />
    <size key="GridCell.Tab.0.center.1792.-320.3440.1440" width="1705" height="356" />
    <size key="GridCell.Tab.0.right.1792.-320.3440.1440" width="1705" height="356" />
    <size key="GridCell.Tab.0.bottom.1792.-320.3440.1440" width="1705" height="356" />
    <size key="GridCell.Tab.1.left.1792.-320.3440.1440" width="1705" height="356" />
    <size key="GridCell.Tab.1.center.1792.-320.3440.1440" width="1705" height="356" />
    <size key="GridCell.Tab.1.right.1792.-320.3440.1440" width="1705" height="356" />
    <size key="GridCell.Tab.1.bottom.1792.-320.3440.1440" width="1705" height="356" />
    <size key="find.popup.1792.-320.3440.1440" width="1042" height="969" />
    <size key="find.popup.-1264.-3384.6016.3384@192dpi" width="1824" height="2284" />
    <size key="GridCell.Tab.0.left.-1264.-3384.6016.3384@192dpi" width="5976" height="1122" />
    <size key="GridCell.Tab.0.center.-1264.-3384.6016.3384@192dpi" width="5976" height="1122" />
    <size key="GridCell.Tab.0.right.-1264.-3384.6016.3384@192dpi" width="5976" height="1122" />
    <size key="GridCell.Tab.0.bottom.-1264.-3384.6016.3384@192dpi" width="5976" height="1122" />
    <size key="GridCell.Tab.1.left.-1264.-3384.6016.3384@192dpi" width="5968" height="1012" />
    <size key="GridCell.Tab.1.center.-1264.-3384.6016.3384@192dpi" width="5968" height="1012" />
    <size key="GridCell.Tab.1.right.-1264.-3384.6016.3384@192dpi" width="5968" height="1012" />
    <size key="GridCell.Tab.1.bottom.-1264.-3384.6016.3384@192dpi" width="5968" height="1012" />
    <size key="GridCell.Tab.0.left.0.0.6016.3384@192dpi" width="3544" height="890" />
    <size key="GridCell.Tab.0.center.0.0.6016.3384@192dpi" width="3544" height="890" />
    <size key="GridCell.Tab.0.right.0.0.6016.3384@192dpi" width="3544" height="890" />
    <size key="GridCell.Tab.0.bottom.0.0.6016.3384@192dpi" width="3544" height="890" />
    <size key="find.popup.0.0.6016.3384@192dpi" width="3750" height="2112" />
    <size key="GridCell.Tab.1.left.0.0.6016.3384@192dpi" width="5976" height="852" />
    <size key="GridCell.Tab.1.center.0.0.6016.3384@192dpi" width="5976" height="852" />
    <size key="GridCell.Tab.1.right.0.0.6016.3384@192dpi" width="5976" height="852" />
    <size key="GridCell.Tab.1.bottom.0.0.6016.3384@192dpi" width="5976" height="852" />
    <size key="find.popup.-3440.-320.3440.1440" width="1777" height="713" />
    <size key="GridCell.Tab.0.right.0.0.3024.1964@192dpi" width="5108" height="1058" />
    <size key="GridCell.Tab.0.left.0.0.3024.1964@192dpi" width="5108" height="1058" />
    <size key="GridCell.Tab.0.center.0.0.3024.1964@192dpi" width="5108" height="1058" />
    <size key="GridCell.Tab.0.bottom.0.0.3024.1964@192dpi" width="5108" height="1058" />
    <size key="GridCell.Tab.1.left.0.0.3024.1964@192dpi" width="5108" height="1058" />
    <size key="GridCell.Tab.1.center.0.0.3024.1964@192dpi" width="5108" height="1058" />
    <size key="GridCell.Tab.1.right.0.0.3024.1964@192dpi" width="5108" height="1058" />
    <size key="GridCell.Tab.1.bottom.0.0.3024.1964@192dpi" width="5108" height="1058" />
    <size key="GridCell.Tab.0.right.-1488.-3384.6016.3384@192dpi" width="6004" height="1030" />
    <size key="GridCell.Tab.0.left.-1488.-3384.6016.3384@192dpi" width="6004" height="1030" />
    <size key="GridCell.Tab.0.center.-1488.-3384.6016.3384@192dpi" width="6004" height="1030" />
    <size key="GridCell.Tab.0.bottom.-1488.-3384.6016.3384@192dpi" width="6004" height="1030" />
    <size key="GridCell.Tab.1.left.-1488.-3384.6016.3384@192dpi" width="6004" height="1030" />
    <size key="GridCell.Tab.1.center.-1488.-3384.6016.3384@192dpi" width="6004" height="1030" />
    <size key="GridCell.Tab.1.right.-1488.-3384.6016.3384@192dpi" width="6004" height="1030" />
    <size key="GridCell.Tab.1.bottom.-1488.-3384.6016.3384@192dpi" width="6004" height="1030" />
    <size key="GridCell.Tab.2.left.-1488.-3384.6016.3384@192dpi" width="6004" height="1138" />
    <size key="GridCell.Tab.2.center.-1488.-3384.6016.3384@192dpi" width="6004" height="1138" />
    <size key="GridCell.Tab.2.right.-1488.-3384.6016.3384@192dpi" width="6004" height="1138" />
    <size key="GridCell.Tab.2.bottom.-1488.-3384.6016.3384@192dpi" width="6004" height="1138" />
    <size key="GridCell.Tab.3.left.-1488.-3384.6016.3384@192dpi" width="6004" height="1138" />
    <size key="GridCell.Tab.3.center.-1488.-3384.6016.3384@192dpi" width="6004" height="1138" />
    <size key="GridCell.Tab.3.right.-1488.-3384.6016.3384@192dpi" width="6004" height="1138" />
    <size key="GridCell.Tab.3.bottom.-1488.-3384.6016.3384@192dpi" width="6004" height="1138" />
    <size key="GridCell.Tab.4.left.-1488.-3384.6016.3384@192dpi" width="6004" height="1138" />
    <size key="GridCell.Tab.4.center.-1488.-3384.6016.3384@192dpi" width="6004" height="1138" />
    <size key="GridCell.Tab.4.right.-1488.-3384.6016.3384@192dpi" width="6004" height="1138" />
    <size key="GridCell.Tab.4.bottom.-1488.-3384.6016.3384@192dpi" width="6004" height="1138" />
    <size key="GridCell.Tab.5.left.-1488.-3384.6016.3384@192dpi" width="6004" height="1138" />
    <size key="GridCell.Tab.5.center.-1488.-3384.6016.3384@192dpi" width="6004" height="1138" />
    <size key="GridCell.Tab.5.right.-1488.-3384.6016.3384@192dpi" width="6004" height="1138" />
    <size key="GridCell.Tab.5.bottom.-1488.-3384.6016.3384@192dpi" width="6004" height="1138" />
    <size key="find.popup.-1488.-3384.6016.3384@192dpi" width="2110" height="1404" />
    <size key="find.popup.0.0.3024.1964@192dpi" width="1800" height="1078" />
    <size key="GridCell.Tab.0.left.1512.-404.3440.1440" width="1715" height="824" />
    <size key="GridCell.Tab.0.center.1512.-404.3440.1440" width="1715" height="824" />
    <size key="GridCell.Tab.0.right.1512.-404.3440.1440" width="1715" height="824" />
    <size key="GridCell.Tab.0.bottom.1512.-404.3440.1440" width="1715" height="824" />
    <size key="GridCell.Tab.1.left.1512.-404.3440.1440" width="1715" height="432" />
    <size key="GridCell.Tab.1.center.1512.-404.3440.1440" width="1715" height="432" />
    <size key="GridCell.Tab.1.right.1512.-404.3440.1440" width="1715" height="432" />
    <size key="GridCell.Tab.1.bottom.1512.-404.3440.1440" width="1715" height="432" />
    <size key="find.popup.1512.-404.3440.1440" width="1614" height="738" />
    <size key="find.popup.-3440.-458.3440.1440" width="1463" height="808" />
    <size key="GridCell.Tab.0.right.-3440.-458.3440.1440" width="1715" height="432" />
    <size key="GridCell.Tab.0.left.-3440.-458.3440.1440" width="1715" height="432" />
    <size key="GridCell.Tab.0.center.-3440.-458.3440.1440" width="1715" height="432" />
    <size key="GridCell.Tab.0.bottom.-3440.-458.3440.1440" width="1715" height="432" />
    <size key="GridCell.Tab.1.left.-3440.-458.3440.1440" width="1715" height="432" />
    <size key="GridCell.Tab.1.center.-3440.-458.3440.1440" width="1715" height="432" />
    <size key="GridCell.Tab.1.right.-3440.-458.3440.1440" width="1715" height="432" />
    <size key="GridCell.Tab.1.bottom.-3440.-458.3440.1440" width="1715" height="432" />
    <size key="GridCell.Tab.0.right.-1108.-2880.5120.2880@192dpi" width="5108" height="1656" />
    <size key="GridCell.Tab.0.left.-1108.-2880.5120.2880@192dpi" width="5108" height="1656" />
    <size key="GridCell.Tab.0.center.-1108.-2880.5120.2880@192dpi" width="5108" height="1656" />
    <size key="GridCell.Tab.0.bottom.-1108.-2880.5120.2880@192dpi" width="5108" height="1656" />
    <size key="GridCell.Tab.1.left.-1108.-2880.5120.2880@192dpi" width="5108" height="1058" />
    <size key="GridCell.Tab.1.center.-1108.-2880.5120.2880@192dpi" width="5108" height="1058" />
    <size key="GridCell.Tab.1.right.-1108.-2880.5120.2880@192dpi" width="5108" height="1058" />
    <size key="GridCell.Tab.1.bottom.-1108.-2880.5120.2880@192dpi" width="5108" height="1058" />
    <size key="find.popup.-1108.-2880.5120.2880@192dpi" width="2178" height="1616" />
    <size key="GridCell.Tab.0.left.-554.-1440.3440.1440" width="2554" height="828" />
    <size key="GridCell.Tab.0.center.-554.-1440.3440.1440" width="2554" height="828" />
    <size key="GridCell.Tab.0.right.-554.-1440.3440.1440" width="2554" height="828" />
    <size key="GridCell.Tab.0.bottom.-554.-1440.3440.1440" width="2554" height="828" />
    <size key="find.popup.1512.-458.3440.1440" width="1144" height="492" />
  </component>
  <component name="WindowManager">
    <frame x="0" y="38" width="1512" height="944" extendedState="6" />
  </component>
  <component name="WindowStateApplicationService">
    <state width="923" height="95" key="ShowUsagesActions.dimensionServiceKey" timestamp="1754567871714">
      <screen x="0" y="38" width="1512" height="944" />
    </state>
    <state width="923" height="95" key="ShowUsagesActions.dimensionServiceKey/0.38.1512.944" timestamp="1754567871714" />
    <state width="799" height="740" key="ShowUsagesActions.dimensionServiceKey/0.38.1512.944/-3440.-433.3440.1415" timestamp="1750166303302" />
    <state width="712" height="117" key="ShowUsagesActions.dimensionServiceKey/0.38.1512.944/-554.-1415.2560.1415" timestamp="1749737777493" />
    <state width="825" height="337" key="ShowUsagesActions.dimensionServiceKey/0.38.1512.944/1512.-379.3440.1415" timestamp="1753882488141" />
    <state width="300" height="518" key="manage.recent.projects.popup" timestamp="1754295839313">
      <screen x="0" y="38" width="1512" height="944" />
    </state>
    <state width="300" height="518" key="manage.recent.projects.popup/0.38.1512.944" timestamp="1754295839313" />
    <state width="300" height="518" key="manage.recent.projects.popup/0.38.1512.944/1512.-379.3440.1415" timestamp="1753877616642" />
  </component>
</application>